UserId,FirstName,LastName,AccountId,Balance
2220114025906176,Juan,Rogers,3626568473,7913
3413099778408448,Jessie,Ricci,9047401648,6567
8878185687023616,Sophie,Sacco,9635394319,88702332847692
895822275280896,Bessie,Gallo,9289921598,3868
4138516137115648,Ernest,Zoppi,6392061249,9536
1563653662834688,Isabella,Somigli,3685927361,1836
1243957134622720,Mario,Koch,5505158762,8710
8100519023214592,Tyler,Kimura,3109343403,4452
4997646250934272,Jayden,Staderini,4698472470,5528
8854699304288256,Ricky,Pugh,9437002372,889
1457382618038272,Jennie,Bellandi,8576402128,4328
7636764273410048,Beulah,Watanabe,7596457940,9443
6515036744843264,Ricardo,Alexander,3453498389,7697
6261203212959744,Ryan,Rogai,8147039167,7665
2973691881193472,Laura,Caselli,3197807764,1026
5291280099704832,Victor,Goretti,7172341846,3343
7413898705633280,Hester,Gutierrez,8346012770,8702
2170228171603968,Bradley,Colzi,6643515797,6243
2610644612284416,Austin,Kelley,5542683785,3616
4781961132376064,Francis,Pratesi,9712539058,1508
7074347428610048,Mathilda,Wolff,2332847692,2886
1803277507231744,Marguerite,King,2877514160,6316
4479752870035456,Nora,Veldkamp,8777201711,9330
2214354407653376,James,Krause,6359738934,605
2745937952768000,Leon,Maffei,9598459564,9964
1232469915336704,Jane,Harper,2176232716,3605
4888089168183296,Carolyn,Marchand,6582068729,7816
1642514731761664,Millie,Tassini,5174642801,5621
1390535581368320,Isaac,Guerrero,5685566127,4043
3125804846284800,Ryan,Bouvier,6225323947,4790
5195835650342912,Mae,Oliver,6583064904,324
6653592620498944,Adrian,Fujiwara,2417207798,3761
1821123333324800,Augusta,Serra,4114121459,6496
1589906115657728,Ronnie,Barnes,8603314466,8866
8133378243035136,Jose,Guerri,8682426536,2628
879412308344832,Harold,Torrini,5117241472,7043
2709674725998592,Ricardo,Wolff,9049623845,5267
5586913287208960,Adelaide,Bonanni,9743336147,53
945942521970688,Elmer,Malavolti,8676302888,3350
7153366041886720,Jeffrey,Bradley,6854433350,2834
3457030517948416,Leona,Masuda,3739069222,3652
5527279006384128,Mittie,Maestrini,2786452656,439
341124436721664,Jessie,Robinson,5344087943,5004
8490678573072384,Marguerite,Brooks,7577476261,4325
4596640505659392,Marguerite,Costa,4274244967,3119
5344197150244864,Christopher,Imai,6579061146,612
8909576059486208,Lida,Gualtieri,9015535223,4397
941380266360832,Isabella,Baroncelli,7542655864,8667
728400712957952,Richard,Mitchell,8653797187,5248
2862096341532672,Derrick,Lombardini,8154298074,525
2296652605947904,Esther,Lombardi,4682642125,6028
1634182027542528,Essie,Otsuka,9078303070,7684
7671739576221696,Sylvia,Gibbs,3532507276,5838
8519607425957888,Curtis,Cooke,6312688275,9998
2551773325688832,Allen,Anderson,5204168673,1311
7320928950157312,Aaron,Vinci,8385737563,5981
8473121545781248,Amanda,Perrier,5457679878,5310
5302612157005824,Bess,Abe,2093379041,977
1351072239058944,Maurice,Bevan,2749147423,3943
3512662591799296,Rhoda,Okamoto,4468827803,9000
4104267988205568,Rena,Buti,2712246533,8172
8539077150244864,Zachary,Vivoli,7345444881,2398
7805661463183360,Todd,Miller,7374633227,2664
5146839875584000,Jimmy,Morales,8194602135,7862
5091122695110656,Luella,Coleman,3503541123,263
1677216758890496,Nancy,Ellis,4173847592,936
5539386122829824,Mable,Sherman,8587176806,1112
76412052570112,Philip,Mari,9773514570,1363
3969438395138048,Derrick,Cole,4675291949,7038
3181316442947584,Corey,Maier,9208135007,725
2867526711115776,Louis,Austin,3377277064,2778
5508720855351296,Todd,Zheng,5743633191,9732
8770180129751040,Stella,Nakagawa,9827507737,6479
1369192582348800,Barbara,Nakajima,9024787668,3738
2630470382649344,Alvin,Adams,2163607264,164
1270611567443968,Edna,Menichetti,4337567801,9278
4779700247330816,Isabel,Boschi,4152571793,5576
1410855184891904,Alma,Reed,7017721792,8548
3959132415590400,Amelia,Francioni,6007271319,4712
4724674669838336,Gavin,Ferguson,4228225633,9590
3574751259787264,Winifred,Shelton,7666162346,4481
8050100219674624,Teresa,Schulte,7242654365,9923
6857567502336000,Herman,Franke,8054026503,9920
2232820273512448,Dustin,Sharp,3786574153,7170
560084272807936,Lewis,Buitenhuis,3453509981,7445
7521687457234944,Gerald,Landi,5498941001,9510
5899908919853056,Dale,Chapman,5496525296,8050
4306333639639040,Evelyn,Nelson,6773386683,7301
5635853397262336,Teresa,Gentili,8315227320,6385
8424455885815808,Myra,Ingram,2666999362,1892
2972387240837120,Russell,Bogani,4286438252,4642
6731672636620800,Bertha,Falcini,2824303859,5016
6363202304606208,Katie,Lazzerini,8602355834,7377
2527371773083648,Andre,Thornton,5179069179,8404
8567021155385344,Olga,Reeves,2632608310,8283
4330159893118976,Lucas,Stevenson,4689991922,9193
8070087084867584,Dale,Lee,4382118739,2856
6774773510045696,Philip,Kramer,9024046389,4923
7292557077774336,Sylvia,Barchielli,3766791461,6332
6542756933533696,Susan,Mol,7793894236,8688
5401700449910784,Jackson,Bruschi,6557893828,4334
2572333474643968,Gavin,Gibson,3716024745,436
8972523263754240,Shane,Moulin,5469675603,3287
4699092789755904,Jeanette,Ball,6462665683,1263
737657413959680,Bill,Brady,8696349660,2374
2189691386331136,Lee,Ford,2244645153,8831
514908558983168,Benjamin,Takada,2559999567,9578
2073795391127552,Derek,Bruni,3205212516,6247
2810418911248384,Wayne,Martens,4269542721,5294
6060272559063040,Justin,Becagli,8089082741,3693
7491113822715904,Bill,Hermans,9563964169,6565
3343489605566464,Lola,Ohno,8705661848,5946
5651610954891264,Lula,Koek,7447493621,3935
6972373020442624,Matilda,Simpson,4005985392,5189
358362340392960,Viola,Balli,2338992554,1250
6103611754938368,Hunter,Burroni,3364786861,5433
270921738747904,Danny,Garofalo,2169208447,4797
1528571145224192,Shawn,Buitenhuis,5666497486,9723
7152082094129152,Johanna,Brady,4722503316,2490
4644054860038144,Cornelia,Witteveen,6787398090,3726
7870100503789568,Lula,Bruno,8037508029,3943
6601011722452992,Jorge,Wilkins,8769071745,5426
3484809766633472,Amelia,Hervé,4747416890,2750
1808160182501376,Cory,Cellai,3453682689,8760
7137514942889984,Polly,Peters,7424685265,9668
6760694227664896,Vera,Nieto,2003132700,4678
3088145463640064,Bobby,Cammilli,9495053839,6859
4298375816019968,Raymond,Maréchal,8284377548,7748
721489378672640,Mabelle,Del Lungo,3156006812,7228
5138636148310016,Blake,Maggini,6054156015,3817
5336795344535552,Estella,Holland,9666622718,215
3416740327325696,Louisa,Filippi,4525029538,9513
101581915684864,Nannie,Witteveen,9378612004,7130
6693551844884480,Georgia,Brandi,3529007305,9379
8241684431241216,Daniel,Lai,7408249913,9334
1807904516603904,Vernon,Serafini,9743483281,4921
3975290132889600,Mittie,Toti,4524971448,8518
2922113316945920,Laura,Ulivi,4303664325,4208
5536796351922176,Angel,Flowers,2497136116,7474
7871118243266560,Allen,Goossens,3818632221,7116
2998846428807168,Walter,Prins,5382084922,8216
477504286490624,Lilly,Bowers,5688259899,1136
5355767150411776,Helena,Anderson,5172868108,453
6174209904476160,Theodore,Henderson,4406928606,7352
4070470500483072,Derek,Le RouxRoux,2182525509,7222
1547709018275840,Harold,Vannucchi,3105483371,8953
5869793997488128,Lucille,Brazzini,6525947579,1539
3698480509878272,Evan,Marconi,9708495240,2401
8773463881809920,Janie,George,8356474851,4690
7004450143076352,Harold,Ferroni,8089401733,4671
1367665580965888,Emilie,Baroncini,9679924199,5835
8522094344142848,Harvey,Cecchi,2633194651,3371
2523177701867520,Rachel,Vincent,2523361366,9940
3732528307372032,Stephen,Henderson,3333501471,1643
7011833118457856,Estella,de Haan,3542233122,4977
3974806860988416,Owen,Visani,2097434628,8786
5043829847621632,Ivan,Duval,5664545597,2164
2299002936623104,Ophelia,Santi,8238589205,2900
3971448601313280,Joe,Lepri,4463055100,15
1698947699572736,Bessie,Stokes,2178736973,9691
4966272892665856,Roy,Verbeek,6848149947,8514
2554288138092544,Mary,Salvadori,2738383916,965
716058623213568,Josephine,Kurt,7309061231,7948
6570300019834880,Ora,Klein,7744344278,8843
1518394104872960,Adeline,Barnett,9387337576,3189
1187622273679360,Lucille,Fletcher,3305225845,8505
1365952874676224,Wesley,Wells,5108936159,106
5587454977376256,Curtis,Chiarugi,8787518763,1793
3141829176328192,Ricardo,Viviani,9576454215,9057
1519157292040192,Linnie,Collet,4233819670,2802
6520084824588288,Maria,Sato,6167291393,6749
98929762893824,Ernest,Kudo,7484892037,6383
7874392811896832,Cornelia,Parigi,8269682367,9415
2321342573576192,Bettie,Meini,7653882351,5579
6332759299588096,Roy,Ito,3174605986,2235
7352040298643456,Ivan,Perez,6446594421,5594
4193079009476608,Ricky,Bowen,8743019594,5901
188911928213504,Rosie,Pearce,8266202189,8666
7912827616493568,Lora,Carletti,2026822051,5791
8445531407777792,Lucas,Bellesi,5176649962,4563
5113230294777856,Tyler,Pucci,9167227379,6615
1408129233321984,Seth,Gregory,9056824861,9097
5736147279937536,Chester,Parsons,2744743822,8115
6267466713923584,Katie,Howells,7397774473,7445
7912057382895616,Jim,Müller,9127084266,6140
2244043564122112,Millie,Fioravanti,3733369401,9406
7508913301749760,Jackson,Schwarz,8243515194,1637
6745135266136064,Edward,Hernandez,8497274357,6402
1371328632324096,Stanley,Dupont,3238523341,7282
4953156182081536,Theresa,Vannini,4234788366,2395
1622753102790656,Virgie,Maldonado,4638223868,988
8275258404503552,Dorothy,Kirby,2632435583,4804
6006270081368064,Nannie,Biffoli,7832436293,4374
1508678498779136,Blake,Snel,2899536513,588
990799370125312,Cornelia,Graziani,4407763924,4294
7819893015576576,Olivia,De Marco,5736198354,8938
5858170926792704,Nora,Castillo,7827909274,3227
7771839564611584,Linnie,Schultz,3489891324,4463
1645865418620928,Jeremiah,Schumacher,4412733549,6701
2250573522927616,Rena,Bailey,4555867192,3234
4017786961526784,Lottie,Conte,2282991052,4263
3243953568612352,Garrett,Pelletier,9685088394,4474
1793414857228288,Lou,Stephens,3726951972,8154
8723461285347328,Ralph,Caldwell,4475507348,5591
311212061491200,Eunice,Gualtieri,7577686069,4670
5731002792017920,Brent,Appelman,7302161864,6998
6429861641977856,Warren,van Gelderen,8526783656,1456
1146988479381504,Craig,Kaneko,9548941330,9978
3397911763222528,Chris,Orlandini,4105815191,1029
1781911873650688,Lizzie,Woodward,5016493917,656
6237360509419520,Myra,Germain,5249057900,8222
4530938344112128,William,Ferguson,5138838517,5778
5786938132922368,Francis,Morrison,5497715620,8422
8351791345303552,Derek,Parisi,3528288662,7811
4768679239614464,Marie,Osborne,8608214593,7697
6081033921363968,Isaiah,Takada,2474802691,5829
2241867471126528,Keith,Senatori,4217356575,5186
2889358336065536,Linnie,Falsini,8477754287,3662
4723972050518016,James,Charles,6326967726,5821
884285665968128,Kate,Dei,6288012993,3842
3337514184081408,Clarence,Mistry,8487677288,1969
5037791287181312,Martha,Mann,2552496725,3648
2307329443758080,Lois,Campbell,2169243150,2526
858967072833536,Cornelia,Field,3879247263,669
2855149502464000,Harold,Giani,5512222113,4891
7922752023429120,Shane,Gibson,6293978534,477
7635279525445632,Sadie,van Gelder,7388428396,8915
8555299556294656,Ina,Cohen,6378495166,614
8799945463169024,Alex,Ellis,4094045893,9392
7957995908497408,Larry,Munoz,3072534902,578
6063214963982336,Peter,Tassi,4532565432,7450
929146505003008,Rebecca,Klein,3425346629,4635
4738377790259200,Danny,Hendriks,6369261754,638
261412869898240,Leroy,Walters,3419264674,1599
4143417401540608,Celia,Dodd,5805468249,6060
1754831756722176,Clayton,Simmons,2012768377,7610
6403817327296512,Jackson,Scarpelli,7482806747,880
7729233709236224,Lelia,Perrier,2132614415,9055
7793923795714048,Winifred,Falugiani,7603409771,7016
4387725083934720,Nicholas,Calabrese,7778264459,1157
6371636257226752,Jessie,Paggetti,2856647376,6801
5510828505694208,Wayne,Iqbal,9145246523,8803
5798252895010816,Ella,Stefanini,3749607139,4165
7703229372563456,Ellen,Tesi,7036234589,7594
2823473174937600,Eric,Piccardi,8382214934,8534
1746588422635520,Theresa,Rees,2853442206,736
3126994002771968,Hilda,Forti,5035087012,405
8416172181553152,Olga,Kimura,7779371121,2518
6823327045779456,Harold,Sanz,6152738301,9260
8016486369067008,Tillie,Garofalo,7723391177,300
1452266609442816,Philip,Nunez,3237388575,5375
8061145105563648,Minnie,Robin,6055271356,7866
1018565993955328,Bessie,Quercioli,9883828083,3963
7090060304318464,Ray,Marini,7758302942,8236
4782420098285568,Mathilda,Matteini,6673546513,7832
4475179530977280,Cory,Guerri,4093854432,9256
2998407476019200,Bradley,Elliott,2865194577,3291
2761262087798784,Ivan,Green,2738577666,4204
112110344339456,Nathan,Carroll,8123375101,663
3943684714266624,Caroline,Parkinson,4513664907,5753
6817452067389440,Mabel,Hudson,9258806046,6380
1152675622158336,Joseph,Messeri,7734282064,3257
3783656015396864,Rena,Gigli,4689929328,6265
1636263268450304,Amelia,Brizzi,3298032897,8699
6089157724078080,Frances,Patel,9004399091,167
1218090998169600,Sadie,Curradi,7062221766,7451
8118685587734528,Mary,Soldi,3826361897,7139
653977645481984,Nettie,Harding,6702663641,16
2619245189922816,Amanda,Giacomelli,6153696398,8332
2979252173537280,Sara,Clayton,5369938036,9048
2689678574616576,Matilda,Manca,9319703144,8238
2974892802703360,Ethan,Williamson,8168864055,9249
7151967428149248,Minerva,Giunti,6742658692,8380
3619799129128960,Blanche,Castagnoli,9853321039,3322
4675947064197120,Jose,Bennett,8442662656,7367
5344397256294400,Pauline,Joly,8868035723,4750
868412060336128,Ola,Schuster,9097952559,155
356395176165376,Georgie,Pascual,6125947214,3083
4862136983486464,Alberta,Hall,2625857314,5695
4623835441659904,Abbie,Venturini,3623004744,8059
5942871465132032,Garrett,McCoy,3747753888,2938
7913505088864256,Gabriel,Wall,9457741425,4419
2031525684051968,Alfred,Voorn,5524299356,4729
5973342465032192,Zachary,Bartoloni,5457066814,8875
428922950909952,Earl,van Schaik,4144241759,8602
5759327805636608,Cecelia,Castillo,4053639921,4419
8508334273462272,Angel,Pagnini,8809505819,4264
7421575798194176,Lenora,Griffin,4018568267,5142
224486066487296,Della,Gelli,8873222443,7764
2836716373147648,Lily,Leclercq,5147659513,4945
5454080449183744,Herbert,Burchi,7234423466,9280
1243173984665600,Jesus,Pierattini,2658105884,3888
3352211950141440,Millie,Martino,9343767564,1157
4764734117117952,Nell,Ciani,9837927150,8686
6161847782735872,Leroy,Becagli,4125848003,5351
3609185281376256,Kevin,Perry,4212874727,4172
2559455277350912,Raymond,Wallace,2864121210,1733
8586906841382912,Estelle,Ragazzini,8652706108,8853
5598400741376000,Marian,Greenwood,3054205655,9166
2914840681119744,Lewis,Parisi,5572233329,5043
970578322259968,Chester,Matsui,6657259415,3966
1956580501225472,Catherine,Cesari,6675016135,20
2238421821030400,Lucinda,Ciapetti,4155781817,7577
6865854908071936,Myra,Köhler,2268956648,2228
4815419319779328,Noah,Baars,5696698987,5076
1545575128367104,Estella,Herbert,7449222490,7869
7250618615857152,Annie,Saunders,5002113986,3810
2037026186592256,Jordan,Nistri,9775007456,1203
851089979080704,Chase,Baas,8838467371,3445
692653165379584,Calvin,Davidson,9808648685,1949
8892579313614848,Leona,Richter,6497163991,5150
4085089220689920,Carl,Girard,6528152797,1809
1829569216643072,Louisa,Gallagher,8674743184,6926
1163922759483392,Cynthia,Tacchi,2819158619,3259
8012346114965504,Jesus,Stokes,3566903158,2917
1362557598171136,Jean,Novelli,3433814696,6193
4806320903421952,Donald,Nash,5339793406,3490
5396170597728256,Luis,Lemaire,9689905538,1445
7010905824952320,Isabella,Fleming,6162741959,1179
7362984458321920,Cecilia,Masuda,4127599245,1337
7399105758232576,Ophelia,Flores,2113046136,8868
8293081348571136,Georgie,Tagliaferri,4048616425,4279
7340112845209600,Mabel,Fabiani,5112977580,7411
164130103230464,Jeffrey,Clayton,4252782019,7439
6734207688638464,Cordelia,Bridges,3389615339,5493
2911038167056384,Leonard,Tempesti,3655239114,6304
8987921572954112,Edith,Ciabatti,4645379780,7360
8599572609761280,Eliza,Bonanni,5306276791,859
1770870439673856,Marion,Nicholls,4024299195,3709
2577093502173184,Rena,Jarvis,5536404601,5992
2431927837523968,Ruby,de Graaf,3683138416,2975
2402950955663360,Katharine,Figueroa,8282555769,2227
330603251630080,Nell,Gray,2443941678,974
8213197085474816,Ray,van Ommen,5138107383,4413
3492169079848960,Virgie,Romei,4744632409,4613
4774301542645760,Clarence,Tagliaferri,2468616975,9959
8206496225558528,Cecelia,Mitchell,6065868442,5333
2079470806630400,Harry,Vannucchi,8347125002,3850
7599616820248576,Susan,Ward,8726276987,1982
4053868702859264,Bertie,Charles,8493904889,4016
8647399970963456,Katharine,Duval,4656811952,8135
3531633810472960,Lenora,Monti,8453837747,1013
3600276474822656,Lucinda,Cooper,8643103980,4652
4247806564892672,Leo,Matthews,7826387123,7327
1643212202573824,Alex,Robinson,6154481458,7756
453910307274752,Birdie,Bernardini,9082832507,2704
1997230741389312,Lenora,Harvey,8677756421,515
3841325728268288,Roger,Mazzei,5717505265,1583
4403340486115328,Ethel,Wong,4839567425,4880
828098606006272,Cecelia,Giachi,4174727174,2919
4317308772155392,Micheal,Cherubini,5086977215,8087
5470245391171584,Loretta,de Haan,7453414359,7391
6067837300899840,Marc,Di Marco,9594441659,7795
696403665879040,Sue,Crini,8425169373,6330
5635625560571904,Tillie,De Vita,2037351763,5115
3180598602498048,Andrew,Koster,4502277794,1388
3104851481329664,Clyde,Fabbrini,7666201269,1986
1776157936582656,Charles,Parri,5705141180,5769
7510104366645248,Kenneth,Renai,8723853093,4776
7262735706357760,Mabelle,Falugiani,5033067846,6233
1358836254375936,Herman,Ottanelli,3243633304,1505
7552799785091072,Katherine,Salvi,5325294536,3440
5779445906407424,Isabelle,Greer,6478113174,6216
7464115802996736,Lula,Chandler,6643675806,4457
7364312618237952,Nelle,Bradley,6889183681,4567
7832701363027968,Luella,Wheeler,3597182435,8892
7851227297611776,Sara,Calabrese,7444997095,6803
4492738204532736,Derrick,Coates,5463239778,4283
6951772648112128,Nancy,Morgan,7858958442,3335
4063770838040576,Maggie,Kok,5608927905,4221
6063358044274688,Hulda,Scholten,9039108571,5722
4911597183041536,Jorge,Gonnelli,3014791219,7536
4655360887488512,Clifford,Meunier,2604903275,2137
2858629317263360,Jordan,Franklin,7277971847,8986
3044921678233600,Harriet,Koster,3142654685,7174
241045514223616,Ruby,Ciapetti,7092835910,7139
7200868189339648,Arthur,Mustafa,6127586089,6939
7367168045875200,Evelyn,van Schaik,4762691327,5563
516541030334464,Jeremiah,Pugi,6523923928,817
837311103238144,Troy,Nieto,8477858643,4867
2589313457979392,Milton,Schuster,4065432527,2900
2188997115772928,Alberta,Bernardini,2613702880,2898
1852282572374016,Mathilda,Maillard,4633171583,4498
2407406407516160,Arthur,Pepi,3157754259,597
3303400737341440,Sally,Lapini,5725557214,8968
4185436652044288,Gabriel,Burgassi,2044248302,926
5141034572972032,Connor,Cinelli,6763186808,2498
3025988501897216,Ella,Legrand,3813053623,7945
6619032698486784,Bertha,Cox,2574746529,6345
8031830760488960,Landon,Gill,2265489342,1897
3494680939462656,Antonio,Imai,5883641775,1578
4795394397569024,Lora,Raffaelli,5018371652,5776
6129864778186752,Benjamin,Hart,6567227383,7356
6092567452057600,Charles,Hoarau,8372473506,5180
8913085316202496,Sophie,Black,5529681202,890
3253874825625600,Ricky,Boer,5455015926,1921
1056191692144640,Jose,Cicali,4756038198,3057
1629202400935936,Danny,Bailey,2376888033,7143
6835786360029184,Johanna,Cruz,6592012689,1870
279353325780992,Phillip,Matthews,3027042607,7995
2236075414126592,Mabelle,Curradi,7213704824,9469
5647974187139072,Hulda,de Lange,7059144364,9079
503237297831936,Lillian,Holloway,2617345528,7304
7623343347859456,Walter,Baker,4229082211,5282
8181872439853056,Max,Tanaka,4775701134,3052
1155692308201472,Dorothy,Fleury,5223628218,8447
3635424381632512,Jordan,Molina,8035237038,3859
2414842891730944,Clyde,Brookes,6095504020,7150
8402280978055168,Harvey,Rodríguez,6695834568,3045
4077401384419328,Earl,Vermeer,6044889454,8082
8921379378298880,Jesus,Le RouxRoux,8236901611,3699
4766116444372992,Madge,Paris,5485268906,6280
8805895934836736,Estella,Ciullini,6677582172,4791
8450795884249088,Curtis,Serafini,7202231632,828
334038462103552,Amy,Breschi,5038743712,5222
6417571542728704,Ricardo,Pieraccini,3644199828,1689
7481102868414464,Dustin,Lamb,2302063154,8133
8923264480968704,Mollie,Casey,9358488213,8857
8555243344232448,Travis,Pohl,6533082237,9747
1054784591233024,Lydia,King,9503899260,2324
2544799557091328,Lina,Leclercq,4397481970,601
7030711527669760,Eugenia,Frizzi,6664626424,371
7876300928712704,Ellen,Timmermans,3005766220,3238
6260973969080320,Leon,Anichini,6007614061,7593
1716787833995264,Gussie,Pietrini,8645242875,6741
8134925689552896,Luella,Maeda,7016557843,4985
6717148504260608,Rosalie,Daniel,9615748938,847
1968901334237184,Lester,De Simone,6613475279,4568
3894852974542848,Lucile,Berry,9029806704,401
1820997755863040,Polly,Porter,6078801165,7069
6128707404038144,Virginia,Fischer,4242001839,2618
5475466651631616,Marguerite,Farrell,2242821825,4164
5441914329366528,Ricardo,Cei,5286318152,7632
1301207213670400,Leonard,Briggs,8867894328,8961
8664446532583424,Andre,Ridi,2547882281,6980
7588375148101632,Callie,Lowe,7825667930,1461
8434013052076032,Edwin,Martens,8124482350,240
6087235793321984,Sallie,Mol,9399534772,2133
883312809738240,Sarah,Verhoeven,6239396752,3209
4065184807124992,Luke,Hale,7209545785,7457
4543353022578688,Howard,Ventura,9009593520,6740
2103188972896256,Isabella,Chimenti,7043073756,5696
3456919914151936,Dominic,Mullins,4746454752,9266
7944186993049600,Amanda,Günther,3382902891,1107
2035510071525376,Isaiah,Goto,8186142429,5037
1983487374524416,Marcus,Gianni,5403137525,8193
2358618395508736,Jeremiah,Tosi,6635363838,8116
6457709375258624,Billy,Renault,3547996840,734
3788977368727552,Gary,Liao,3608259044,8813
8476499468353536,Maria,Mazzi,8443486841,3973
4499005090299904,Allie,Marini,3218893946,4570
4706189254328320,Eunice,Fusi,8219296675,6235
542536359739392,Jonathan,Bruschi,4706839743,7430
7285733182144512,Bradley,Santi,7899413233,1276
7655354800275456,Bernard,Miller,7022842240,4974
7742938626916352,Allen,Hodgson,4586299838,9253
4699928825692160,Russell,Watts,8769914407,1393
6527058041634816,Mario,Grassi,9808458629,9195
2084385411039232,Julia,van Veen,9673066180,281
4956454366740480,Fanny,Collier,4252161455,6788
3655486620565504,Harry,Leroy,3093133152,1918
4233248687259648,Alma,Guyot,9243059379,9989
8421520170811392,Bill,Mitchell,6139336028,9175
2032888220483584,Allie,Iqbal,8727209291,558
7168921226444800,Arthur,Peeters,3728373499,4689
8664754293833728,Jeanette,Stanley,8176269545,9227
1685388978552832,George,Miles,5052581448,9146
2081570485698560,Ruth,Johnston,2824073524,7638
3048698734968832,Bernice,Ruiz,8023799308,8721
5029955796729856,Adele,Vitale,4446727029,4918
8498622903615488,Ida,Fleming,5095123967,865
4484674032238592,Amanda,Gonnelli,3556403936,2253
2917557237448704,Jason,Parrini,9487135042,9782
5484456420835328,Francis,Alterini,9092576122,3302
493700232773632,Alma,Castro,2388814035,5727
7244255336595456,Harriet,Cappugi,6007458180,7874
8627937045643264,Nathaniel,Carrasco,7746997701,1726
7241890330050560,Jacob,Yates,2497066418,5446
7976975268315136,Nettie,Garner,7256861462,5359
3012188056846336,Gavin,Vermeer,3683064875,4536
4158280809054208,Adam,Ferri,4028465437,911
6828861138403328,Douglas,Browne,9362769960,2329
8108097534951424,Douglas,Bucci,4408861650,1785
7217792562495488,Jeff,Khan,2542839313,2440
4390558608916480,Luis,Nichols,9232841374,1337
2709304215863296,Harriett,Rodríguez,4439597275,2125
183226511392768,Rose,Sato,7556213223,7373
6622102664773632,Rodney,Andrei,3019233862,4691
4344430811152384,Frances,Ciccone,8318881414,6488
8190898846302208,Rosa,Costa,9486316445,6612
2180875861098496,Shane,Salerno,8174878681,5671
5312193396473856,Shawn,Boni,5093442304,6362
975784420311040,Zachary,Galardi,4273724944,7509
3959708777971712,Louis,Santucci,9014926940,7205
7771369198583808,Dorothy,Boni,9509105051,4921
490789077516288,Aaron,Kato,7647289314,5141
8855999681134592,Sean,Martin,9345553518,8599
2432828461547520,Iva,Murphy,7596065957,5058
3429717464055808,Ronald,Ceccherelli,9527171534,5151
7539416402755584,Jeff,Crescioli,7048225473,55
2557112064409600,Myrtle,Mancini,9495285658,3868
280673390690304,Nettie,Morozzi,9846749580,8447
4002777099403264,Grace,Mckenzie,9265229967,6533
7022170676920320,Cecelia,Hara,2515652462,1774
8911354551336960,Herbert,Esposito,3864742178,8351
2190902512582656,Jeffery,Paoli,3792444609,4761
2587575481008128,Jorge,Billi,4168196997,2978
2621395978682368,Marvin,Klein,7715433438,3755
7977930724474880,Georgie,Lambert,3023144783,217
8488716213420032,Beatrice,van Es,9242594541,4713
4141100885344256,Joel,Masoni,2177299847,7943
491787774853120,Mary,Gauthier,3868973165,8310
4546427629862912,Lloyd,Keijzer,3793568046,9285
672467641171968,Susie,Brunet,7122331027,8139
5698762978623488,Rena,Buitenhuis,5696807533,6448
7258902995402752,Shane,Johnson,4592343570,7628
8695697199071232,Louise,Murphy,9228551066,58
5672406720970752,Minnie,Ridolfi,9856948362,7861
5103040673611776,Jane,Vangelisti,6777817660,1914
4636958150098944,Loretta,Rowe,4658368111,6762
4349401021546496,Lizzie,Knight,6049895532,6995
1601259618435072,Cameron,Gray,2766841586,8293
4353896837283840,Celia,Bausi,2658074575,9544
2018941228548096,Franklin,Fabre,2394759044,1764
8399585808482304,Jimmy,Grasso,6028136719,6903
5815147633311744,Adelaide,Bernacchioni,2159457882,5250
7643526506479616,Mathilda,Simoni,4314415769,2984
8259044695343104,Virgie,Atkinson,5589921065,9508
3712137406971904,Bernice,Puccini,3067512413,736
4164400934027264,Ophelia,Guerri,3389142308,3889
7180416645595136,Lilly,Hanson,9154689733,8360
723708475867136,Ophelia,van Mill,8004364663,8059
4324046768439296,Lenora,Ventura,6146855055,5301
4166091672649728,Ronald,van den Ploeg,3303559830,7877
4969214368546816,Sara,Dumas,3053822602,1640
8407514456522752,Chad,Kim,8027509479,33
8813570999451648,Garrett,Fusco,4842654941,7652
132345883525120,Jennie,Castro,6375277181,3866
3147230275960832,Francis,Thomson,7756952680,6683
7210012128575488,Jeff,Giovacchini,6499385020,3711
8102160967401472,Martha,Casalini,2868505388,3738
3416398946631680,Gavin,Figueroa,4896664044,7763
1966615895736320,Noah,Meacci,4512833727,7165
3880133683314688,Louisa,Garcia,8784712813,3613
3799328680312832,Lora,van der Wal,7506175956,8518
8558543370190848,Glen,Bosch,5255868511,6694
2926083217293312,Evan,Weston,4846637166,5487
7676213896151040,Rena,van Dongen,4649174059,1099
8674451778437120,Bruce,Weston,5746478203,8118
4441298123620352,Minerva,Vitale,2784655787,7822
5308469806628864,Agnes,Cappugi,4024915407,1882
8126062741422080,Amy,Carlier,3822218724,9946
8654439386710016,Rosetta,Craig,7179849703,7002
4816382344560640,Bruce,Cenni,2254424427,8613
7020643788783616,Mae,Galanti,8393427576,9174
8338451942342656,Helena,Tromp,4635498262,3174
8112021537030144,Teresa,Connolly,5599806501,2712
1673999880814592,Alan,Kent,3885041730,9826
8062728367243264,Lucas,Peeters,8836201911,393
7756409548570624,Owen,Baker,4406656643,600
4369417045540864,Philip,Bini,3264861260,4040
8147722261495808,Gussie,Ermini,4854189085,7902
8296456825864192,Jerry,Nixon,8367821058,1417
5996795532410880,Sean,Brock,3739849031,3979
6350752056344576,Ethel,Nicholls,7595724933,7267
5487103863422976,Ellen,Senesi,6226103592,8551
8781616495198208,Bobby,Wells,4437114869,4272
1967720184676352,Sarah,Fani,9784076469,4481
5554078885085184,Lula,Berlincioni,6886076098,1856
863139822305280,Terry,Raffaelli,3418321891,5634
3068592960569344,Mable,Baker,3763683414,6797
8459848127610880,Harold,Parsons,3029514033,9790
5073068865093632,Bess,Davis,7487853592,86
426283464916992,Derek,Bassi,6249532617,7265
1909773003915264,Joseph,Goto,4468174899,4522
5567770456489984,Ada,Pucci,9144588914,1029
1121836381241344,John,Grillo,7768352853,7504
704259555328000,Lester,van Schaik,2825984621,3882
1681998728921088,Clayton,Romeo,2304422281,7400
3551384041422848,Antonio,van der Velde,5195628761,6518
2645719236214784,Hettie,Gori,2865194174,9073
6152556885573632,Shane,Cozzi,6514125204,7323
5634375500693504,Elmer,Norris,8196077907,5743
3314617168166912,Gregory,Vaughn,6075827008,9479
1322364430188544,Ricardo,Stone,4556961157,4747
8320536042012672,Janie,Mclean,3142514890,8607
7315733115568128,Bessie,Montero,5397965398,2919
6069189410291712,Bill,Masuda,9887678598,5596
361360753950720,Jeremy,Calvo,7687765870,5687
1753821925605376,Tyler,Owen,4532856561,5967
3280254716084224,Edgar,Dixon,2247849841,2655
3516024641028096,Eula,Toccafondi,4628522378,6576
4255937296596992,Lily,Peters,9183227601,6565
8344954883538944,Clayton,Nannucci,9317746229,3497
7068433692753920,Craig,Fratini,6454344148,2325
8308941442252800,Hettie,Sanz,3799447460,8726
3723378844237824,Anthony,Guerra,3424578837,5911
6822443817631744,Carolyn,Kwakman,5339169214,2477
5899335044694016,Willie,Charpentier,6525153119,2590
5294203904983040,Albert,Cavini,3672094817,7509
3788540525674496,Troy,Morelli,2618132678,6675
3927464552169472,Polly,Gray,8067367182,2629
8647267370139648,Nell,van den Bosch,9629733821,9392
8948400596713472,Lucile,Miles,8152077714,67
7218238664474624,Amy,Matthieu,3424924144,9040
7273238316974080,Martin,Kim,9683018398,8651
6086798209974272,Beulah,Molina,7562165763,4253
4810607714893824,Amelia,Kennedy,4215102741,2556
1785996010061824,Lura,Wilkerson,2372137660,4125
3249868361433088,Russell,Coli,3593514379,3017
1995229894803456,Eleanor,Taylor,4622948455,9266
3936253028335616,Polly,Bevan,4396908535,9141
4910350839316480,Brent,Armstrong,5323046472,2445
8470171677097984,Floyd,Monnier,3523399490,5315
5519405664436224,Bertha,Joyce,7707278767,4092
7272538755301376,Hattie,Antonini,6079748213,5130
4155090883575808,Irene,Watkins,2449955175,6125
8187241543237632,Oscar,Heemskerk,4572708756,1984
2287525884329984,Beulah,Becker,6642431835,3209
1413051530084352,Bernice,Stephens,3813426016,1075
6139174545522688,Bess,Clayton,5088351213,4310
4030359769448448,Edith,Lascialfari,9393498526,5322
4476550546194432,Francisco,Peterson,8796755693,1663
2479414705127424,Adelaide,Nuti,2158534595,3004
3294959585198080,Ollie,Tol,8262027092,6646
6698041543229440,Annie,Gibson,3603614051,9753
3128084307902464,Nathaniel,de Boer,6842539671,7753
8844032633470976,Kevin,Bernini,9588581515,7287
2950007273553920,Estella,Pelletier,4529251767,1582
6741417837723648,Jordan,Orlandini,4475551018,7344
3599961365151744,Sue,Adams,2663329277,3096
6634142013849600,Roy,Testa,6679157138,2316
3157817338888192,Dean,Larson,4605891441,6871
928331560124416,Isaiah,Masson,3892712965,3027
3965124811423744,Rosa,Vannucci,2709814704,1144
8963439001075712,Glenn,Rice,5337539293,7279
8379652802347008,Barbara,Price,2699885563,8510
3832245676670976,Bruce,Santucci,5265242326,3211
1240815936471040,Flora,De Vita,3399736387,9466
7854441487138816,Adele,Caponi,2086731073,3941
7959225856688128,May,Baxter,4386158318,4658
5067395431399424,Clyde,Pohl,4006288691,6938
505350918766592,Dominic,Mellor,8505329967,7300
5904280112332800,Sally,Lucas,7289015726,382
5745870681145344,Helen,Fanfani,4243154979,7468
5612614988070912,Dylan,Jansen,3069332996,7886
1995161116606464,Eugenia,Robertson,9453746756,1014
5174183755513856,Lois,Costa,6757602520,1781
2803915192008704,Mary,Palloni,4669937639,2322
3390347621171200,Steve,Martens,4186599077,7179
6924307032702976,Ina,Snel,8378473703,9691
6136836747427840,Zachary,Morales,3798241052,9637
1932343222730752,Jordan,Morton,4715965556,6054
3023225508331520,Genevieve,Hancock,2899352834,5928
624289355137024,Lucy,Carotti,8419332923,8235
8275940228464640,Martha,Barré,4462675888,577
1799126419243008,Leonard,Klein,9668532548,1827
4482953300148224,Fannie,Kaur,7072636761,4765
5637359729115136,Ada,Payet,4299122605,8635
1893251294429184,Callie,Kerr,9776477654,295
8934155242962944,Lettie,Cook,4114349605,194
8731122116591616,Adrian,Blake,8714139538,6445
7633530314031104,Abbie,Norris,5334121053,6630
7249425023893504,Justin,Gianassi,9296572817,4083
593338807877632,Nina,Niccoli,4462404135,4609
225525329035264,Ina,Baldi,6407518767,9863
1906566118768640,Grace,Gregory,7736717436,7655
7628130789359616,Minnie,Huber,4194993001,5004
1996123627585536,Mayme,Winkler,3882312606,2027
7018313840328704,Johanna,Elliott,5524587245,2409
8122587263533056,Lizzie,Gallagher,3302788236,7227
6481088903905280,Marcus,Schmidt,3482303526,5335
6051047762034688,Harry,Gil,5549947484,8026
263820217942016,Alfred,Uchida,2074442808,2493
5589069524369408,Mittie,Moreno,8795951407,2971
6264864242663424,Troy,Hopkins,7134652449,668
4028513814315008,Lottie,Ishikawa,2429022926,9458
2256692890828800,Jean,Misuri,3353841420,99
1362060841582592,Nicholas,Kaiser,9175663803,6271
850494417272832,Howard,Dufour,6466144463,5022
7090136003117056,Kyle,van Doorn,4623589578,5151
5475846565396480,Madge,Mori,3159873407,7792
3914311363723264,Eddie,Tognaccini,8403305707,3826
2591148684083200,Stephen,Dunn,7278576417,1418
3419207362412544,Connor,Johnson,4364261358,5559
3793174294167552,Frank,Carré,5175402011,1689
1189678950645760,Marian,Powell,3233481579,870
5600888527781888,Francis,Verhoeven,5867915177,6078
6426444611715072,Daisy,Giacomelli,3475386465,9553
3426174545952768,Lou,Bartlett,5712882372,4024
5830757228478464,Jennie,Barone,4142359974,3609
5788809971105792,Janie,Ramos,6164186608,1376
1373630072094720,Victor,Chiba,5517325134,3515
6079014600966144,Glenn,Lawrence,9276482868,8962
359954003263488,Olive,Fiore,6794517084,5080
2504444832907264,Pauline,Hartley,3327647266,6544
870008993349632,Virgie,Austin,7205702595,6673
8209644740673536,Calvin,Collier,8548948810,5656
3279328521486336,Daniel,Staderini,2482849339,924
113978703347712,Matilda,Battaglini,7156669984,9269
5601750906044416,Eric,Schneider,5036833800,3850
2039829789409280,Iva,Giachi,5124648069,4102
5191192293670912,Clara,Vincent,2615038833,3406
4296624280961024,Ada,Marilli,5058362001,5688
1135904622116864,Hallie,Rosi,8326351234,3157
958410126262272,Lulu,Nardi,2382954408,2572
477870161920000,Danny,Bleeker,6619268795,9677
8670210772959232,Travis,Bergmann,5214997684,1885
107108959780864,Eugene,Graves,8308439247,7337
4681780655292416,Randy,Brun,6429724536,5875
4311743018827776,Darrell,Wallace,4302118068,4040
7788633115328512,Harriett,Anderson,6424013107,7243
6855548993536000,Clayton,Lapi,7577977295,6479
6588451333865472,Lois,Henry,4295888924,5023
157945977372672,Dennis,Poggi,7363199708,2821
8127074887794688,Clyde,Oliver,6336094598,9906
4304260799922176,Lizzie,Baronti,7085706369,1874
7139939451928576,Bernard,Crawford,5123626084,772
5712514442592256,Della,Owen,2032077889,805
5583243040522240,Mark,Fioravanti,2096829369,5868
6365674278486016,Isabella,McBride,7613775624,6979
6017584241573888,David,Cappelli,9832791831,6290
4444326197198848,Cecelia,Powell,9689964495,8756
1310881300348928,Ian,Sanchez,3134956418,8647
793934974418944,Brandon,Dodd,2337824019,1920
3259720104148992,Susan,Vettori,2895301850,6203
535352139841536,Jerome,Iglesias,2364548715,2563
2762119596474368,Lewis,Grant,7187136517,8912
1779352391909376,Jim,Anderson,3079589036,6099
1596279687741440,Luke,King,5627355166,5711
314115006398464,Florence,Koek,3262836674,3363
764357575180288,Danny,Hofmann,3658884335,7926
457674246324224,Alma,Singh,5548216312,2316
7235272792080384,Rosie,Matteucci,8282376695,2177
4116595936854016,Ida,Fernández,4634577309,9781
4508495466463232,Hunter,Guérin,7636556390,2027
3138809241796608,Jeremiah,Leonard,8387785142,3070
7696734111137792,Louis,Glover,6882449449,8876
5987004240101376,Claudia,McDonald,2668473704,3770
6607363238789120,Mark,Santi,3576685626,8055
3530423982358528,Isaac,Miyazaki,7203062836,9630
7758369714601984,Brandon,Pritchard,9386117127,5477
6606361727074304,Alberta,Hudson,5887784073,2613
143830342959104,Maud,Sandoval,5417869806,2317
1575195148025856,Virginia,Wilkins,5469719427,5341
2112151208591360,Bernard,Garza,7606022784,404
1689395321110528,Patrick,Nieto,5122042156,3866
1072897900675072,Norman,Bessi,9492364242,1788
6602950134726656,Caleb,Busch,7656508384,9546
6843388433268736,Dollie,Weber,6738034347,9306
5255340662718464,Gary,Zhou,8026399569,2786
7250258570510336,Ellen,Ludwig,4833165059,2178
7051469133971456,Angel,Meunier,2588867822,8734
2140542297178112,Mark,Messina,7338277581,1375
7647509669216256,Lucinda,Smeets,9798233072,9838
3871264970113024,Flora,Barni,8808064600,5664
7128458270343168,George,Mckenzie,8632873681,9120
4692350016159744,Myrtle,Austin,9616756602,8645
1098876371075072,Anne,Böhm,6173987647,9660
3282049683161088,Frederick,Ceni,8164883438,4251
7650753617330176,Teresa,Barbieri,9842378147,2249
4955349777907712,Mittie,Gutierrez,8805747155,8095
5745296696934400,Leila,Kurt,8667051681,670
2623608109137920,Jeremiah,Bell,9425281041,5025
619900752101376,Angel,Rovai,4206356218,3941
6406442959503360,Laura,Ciulli,4336233442,2102
4630453071904768,Jennie,Valk,2034801813,8603
149323534827520,Allen,Sugiyama,4177673747,6743
6931880771321856,Gabriel,Wood,5413097410,703
7876644427530240,Milton,Mann,6443174552,306
4094844456665088,Louisa,Ford,6628856423,2027
1740032136183808,Barry,Stevenson,6104209821,7966
7882040414306304,Steve,Meoni,4729814831,8332
6306532545265664,Gene,Albrecht,4258523742,3274
5221802041147392,Verna,Dong,6354766635,6659
4288710749192192,Jeremy,Schmitt,7547353090,863
4942771909558272,Mable,Aubry,4872568075,3268
7055750996164608,Francis,Rogers,6255007776,1911
8662099658014720,Trevor,Marchionni,5517952092,8826
1711818022060032,Devin,Groenenberg,4185796501,6441
7742105977880576,Susan,Bucci,7488335568,5170
5829204058832896,Lucy,Peacock,5308249241,1263
7696579498606592,Glenn,Davitti,8112104976,1890
1846224619569152,Lou,van der Vliet,7482594852,486
4247432265203712,Leon,French,9037586094,2631
1781478518161408,Andrew,Castro,5124455693,6902
3081411927998464,Adelaide,Ciulli,5725215990,5836
2395306335404032,Russell,Bernardi,6343892802,4241
6111014445645824,Sylvia,Mason,5326448453,943
7752153481347072,May,White,2489027484,9965
2393093185732608,Jerome,Somigli,4514261367,9959
8570244425580544,Eula,Poggiali,3229362661,3471
1917367944740864,Callie,Manning,8464965540,6422
1832568519393280,Landon,Markus,6699523491,4150
1461765510529024,Gabriel,Étienne,3206416793,4450
1005856290242560,Esther,Maldonado,6593467715,8988
8710563462905856,Jose,Fujii,4245397939,4180
2298659689463808,Cornelia,Ross,4508293479,4457
5307039674793984,Edith,Hoffmann,3313387947,1348
3625559756111872,Lola,Colzi,5375742475,8843
4496429504528384,Lloyd,Lotti,4499657292,3979
6565490897977344,Nina,Stevens,7433943224,1201
7791705755484160,Matilda,Ellis,5034483319,2699
6482954507255808,Amy,Nicholls,4663103203,8814
8003820558745600,Jesus,Jäger,4443175854,5530
6313969100783616,Ophelia,Sheppard,5146307865,2235
529871121940480,Christina,Franke,8356003876,9782
387032188715008,Ivan,Miccinesi,3034702740,7109
8696228575444992,Henry,Bleeker,9764502108,7207
7905541135269888,Larry,Hewitt,6125687855,3070
5988782285258752,Douglas,Frank,4094399051,3992
6887246068187136,Stanley,Piazzesi,8288118914,3185
4041779066175488,Gussie,Lucas,8623258292,6897
739148482740224,Julian,Diaz,7424197589,9126
5088705217822720,Glen,Bartoletti,5459378567,4650
4755024110419968,Eddie,Torrini,7524637375,7962
2125649531633664,Margaret,Kimura,8216671696,2070
1782863374581760,Erik,Rivera,3128505214,5455
4772689503846400,Dorothy,Hardy,6457231466,9021
3258241253376000,Georgia,van den Bosch,8516782099,2523
690842647920640,Craig,Iwasaki,7296127540,3155
7021819932442624,Abbie,Girard,5062341884,5726
3314470344458240,Estella,Haynes,4038705864,4515
5496241859330048,Elmer,Nardini,3442627398,3532
323831008854016,Peter,Stokes,3863711482,2944
7867375946825728,Russell,Monnier,2058483134,9769
3768688138256384,Jerome,Ando,2632592670,7796
2426990005059584,Owen,Adam,4315392878,5000
7419684406165504,Ida,Hoffman,3715434820,8865
6264971535056896,Dustin,Cappugi,3685208730,2332
3147279519186944,Emilie,Sasaki,7297396725,3815
3612169285402624,Hulda,Pierattini,7287268936,3549
981243061600256,Maurice,Chiti,6547217792,9428
8880135268728832,James,Sykes,3107751052,8602
1708818285199360,Roxie,Lejeune,9728684733,4728
2556548580638720,Rose,Ziegler,3646962906,1558
4870328033476608,Annie,Peters,4493029902,1121
5709703784955904,Gavin,Vigiani,7103007882,1348
2420321990737920,Rena,Mills,4207051013,1711
1339394197815296,Earl,Gardner,2363561925,9934
221054756716544,Edwin,Chambers,2352882268,4886
8551177503375360,Phoebe,Chiesi,7869308712,9507
1812562010177536,Dominic,Heemskerk,9514893683,681
2633131586748416,Katharine,Jones,2009561074,9225
4632179374030848,Cecilia,Miles,6638538359,7501
3110010043236352,Ivan,Michelini,5449825551,3547
8540195888562176,Patrick,Berry,4769761413,5909
5727333476466688,Elnora,Tilli,9675852840,8339
6777495648993280,Lily,Day,4883634051,8309
7849002196271104,Lida,Gregory,6548155084,1325
5856663934337024,Beulah,Lynch,8604749021,1478
3678654255071232,Samuel,Maier,9279034649,848
6403507162710016,Maggie,Ray,2142312541,7786
7017937049223168,Fanny,Bardelli,7433957765,564
2706576007757824,Ronnie,Miceli,3135643020,225
6172638216978432,Lizzie,Lorenzo,2465349413,7282
858276524720128,Alfred,Uchida,6062021506,3229
2520942930558976,Johanna,Watson,7392742912,7999
7877436547006464,William,Monti,7556221310,8409
5250220640174080,Clifford,Magnolfi,9509805044,8508
7631736382947328,Sue,Warner,4892572737,877
8412369963188224,Bessie,Russell,8204639780,7370
2808352170049536,Winnie,Carson,4432295955,5502
3811737014894592,Donald,Merlini,8538715933,6908
5408685788495872,Franklin,Fujiwara,6057724111,4804
1252145934368768,Norman,Bonnet,2392236680,5912
3026042849591296,Delia,Iglesias,6472132816,4656
3406914123726848,Vincent,Wood,7307715651,1015
3196822153592832,Tony,Simpson,8339749524,5679
3145845729918976,Lottie,Ceni,5872857526,6559
4848526087421952,Frances,Howells,3207954257,7783
853539658137600,Craig,Keller,9625604008,5003
5245495305830400,Harvey,Marinelli,8659494222,6249
3816771895164928,Jerry,Spencer,5772562301,5797
4420213296594944,Rosa,Masson,7087888923,1113
6354313295167488,Julian,van den Heuvel,9554233529,2906
7076238984216576,Virginia,Nardoni,6389514384,5167
391575951638528,Flora,Radu,4216087240,4750
3477706933010432,Adele,Burton,6718606982,6249
2070235800666112,Vera,Lu,7335259446,2309
1172672029392896,Kenneth,Collin,5245687271,1073
2105357272875008,Patrick,Peterson,8176794474,8890
2298794634903552,Willie,Mathis,7894288010,2894
8246680566628352,Rodney,Becucci,3159417017,2049
8761643282464768,Ernest,Mariotti,5052192396,8197
4477984419348480,Cornelia,Burberi,8188016844,870
1134760195784704,Estelle,Bocci,8095767827,604
6593607932837888,Caroline,Palumbo,9524124348,3564
4624412802285568,Elsie,Yamada,3233225978,9206
8035588536008704,Aiden,Latini,6223127823,1558
2379074685108224,Noah,Begum,4825048003,740
1917794933276672,Ray,Sykes,5347621301,4836
6775926048161792,Josie,Collin,3804217415,4877
5288560798203904,Virginia,Besson,8695452810,2054
8857917459529728,Leona,Spencer,4586162747,883
1970054589579264,Emily,Takeda,9179897196,3335
8424426190143488,Leo,Parkes,8736996331,9246
1314180011393024,Hannah,Roger,2137324708,9243
1768899471212544,Edith,Simpson,8432837029,5694
5858645707325440,Sophia,Guzman,8255702304,8368
2624978824462336,Calvin,Cain,9334649663,8440
5314936255283200,Christopher,Taniguchi,9646904822,904
61493206843392,William,Armstrong,6755186912,568
2932271436791808,Jane,Calamandrei,3145749466,9343
7827516605595648,Lewis,Hughes,3253168034,6525
5387871596838912,Cecilia,Saunders,8106043256,9035
4059477124841472,Bradley,Orlandini,5432089343,7050
1463494427803648,Darrell,Vaughan,9737396082,5099
7300768824557568,Milton,Cencetti,4492137121,9578
2702461745758208,Aiden,Schmid,3864857445,2336
1660574555439104,Jacob,Francis,8716045707,9417
4426771199950848,Augusta,Tamburini,2376977745,7960
4791087893839872,Lenora,Holden,4304906509,4975
2747674765819904,Adam,Marsh,8383642570,4358
6234488327634944,Jane,Parrini,7509274736,23
2153357665894400,Derrick,Palmieri,5435928650,9562
3902665924804608,Noah,Zani,6669013250,5357
5090802185273344,Russell,Macdonald,2895126058,5905
4756215359864832,Nell,Stewart,9869798139,9095
6046438976913408,Addie,Reid,3506236584,9469
888603712421888,Kyle,Lucherini,4456656744,7266
5676445441458176,Jared,Nakagawa,5447161786,7518
8706481587224576,Adrian,Myers,4599695102,1112
5797696908558336,Lillie,Gibbons,8569295349,2358
8444240289857536,Seth,Warren,4686037114,528
7443578915651584,Oscar,Becucci,7019077550,6923
5238951803617280,Abbie,Hawkins,8196221544,6750
3307567778365440,Ruth,McGuire,9144658646,4590
7213132392955904,Michael,Kobayashi,9207162981,1642
1253741000916992,Gilbert,Houghton,8197512908,2279
17847287808000,Roxie,Sanz,2649757103,6346
7744217734447104,Pearl,Perini,5239744740,638
7415114934255616,Lucy,Ryan,9044181364,9592
2811078452969472,Terry,Ciapetti,7717753434,4531
2810822969524224,Christopher,Pieri,5859463117,7796
7610842541457408,Isaiah,Bigi,7484718754,493
5023276612976640,Verna,Donnini,4732209537,3172
7673129390309376,Virginia,van der Vliet,5765344953,177
6477902864449536,Raymond,Gallo,5042848785,3236
9006928208330752,Luis,Witteveen,9715578319,1164
1935500403277824,Ricky,Collier,4036216239,5163
2377344029294592,Carlos,Zwart,2299799517,6282
4708275859750912,Johanna,van Gelder,2167727330,5133
1268796121677824,Elsie,Elliott,5795529270,3317
5826831408168960,Virgie,Vidal,8708622808,6345
4990382697873408,Lura,Ball,6356739011,8177
3115207763165184,Madge,Summers,2216555343,9145
7445791603949568,Gussie,van Loon,5024628618,8100
1917374554963968,Daisy,Nieto,5562548215,9239
7405157383929856,Lena,Robert,6314143634,1367
5353301738520576,Corey,Morales,6838126462,6813
6435002367606784,Sue,Ferguson,6038241707,5609
8820226950955008,Lydia,Simons,8077754030,1506
1341450962862080,Milton,Menichetti,3597841284,8008
5790719553830912,Edna,Prosperi,9494782475,2953
3377129949495296,Daisy,Palumbo,3566648070,1602
6771262714019840,Mason,Fisher,3057425058,7970
1328665392578560,Cory,Germain,6789714341,5968
7366654254120960,Abbie,Giannini,3168744298,1314
2780508444426240,Mathilda,Harrison,2075545521,6194
4092874243178496,Jacob,Fox,7136684304,6289
6924116521123840,Alma,Paul,9685753069,9890
1743439100116992,Alan,Mazzocchi,3299489814,2489
1010984766406656,Abbie,Tol,4365067420,9945
7876766888624128,Carrie,Colin,2108811920,5424
7421770705403904,Joel,Morrison,4398365435,8074
8202592089800704,Lou,Frosini,6094458045,9337
3920620727304192,Nancy,Naldini,4265838366,602
8889177292668928,Charles,Garner,2732478612,7344
3070593685520384,Katharine,Sykes,7447455297,4165
6510833385340928,Max,Walter,5479385275,6455
6962472147746816,Mollie,van Oosten,4148177044,2677
2348549010358272,Manuel,Corsini,2592053029,9089
1107007127945216,Beulah,Michaud,8803935616,825
221502899224576,Dustin,Schmid,8474684024,4842
3309571292528640,Max,Rogers,4617507254,5574
665423945138176,Timothy,Lucchesi,7603071470,3805
5873487256223744,Don,Facchini,7216615497,6356
4217746984271872,Rena,Rhodes,7512494010,7511
4798548717600768,Alex,Ross,7069328120,971
6773188677599232,Calvin,Chevallier,5685495708,1282
390221250166784,Walter,Tapinassi,6018149126,8284
7901002923507712,Rosie,Ciulli,4864831838,8262
8331368865988608,Albert,Puccini,7604454273,2073
2793641938518016,Rebecca,Guerrero,7596468581,5303
6103831234478080,Harold,Bos,5527824758,7208
265753557204992,Susie,Jonker,3354209392,8659
1089570217132032,Alan,Scheffer,3314278767,9598
8658432139722752,Mason,Williams,8748526086,4887
7118882099691520,Henrietta,Visser,2053687472,2345
4604588898385920,Agnes,van Dam,4266475560,2670
3933434644791296,Warren,Cain,2145853101,7851
4547667940081664,Dustin,Frazier,3415391719,9373
3808912497180672,Abbie,Okamoto,9127789665,112
6009006183153664,Edna,Giovannini,5542231982,1883
8286281052192768,Annie,Buccioni,7284938356,8243
5118483822018560,Grace,Bianchi,2746437541,5788
68074870931456,Frederick,Bigi,9032973518,8021
5652719131951104,Mina,Harper,5208204095,3655
7275833982976,Eugene,Romero,9635334628,2937